"V1";"V2";"V3";"V4";"V5";"V6";"V7";"V8";"V9";"V10";"V11";"V12";"V13";"V14";"V15";"V16";"V17";"V18";"V19";"V20";"V21";"V22";"V23";"V24";"V25";"V26";"V27";"V28";"V29";"V30";"V31";"V32";"V33";"V34";"V35";"V36";"V37";"V38";"V39";"V40";"V41";"V42";"V43";"V44";"V45";"V46";"V47";"V48";"V49";"V50";"V51";"V52";"V53";"V54";"V55";"V56";"V57";"V58";"V59";"V60";"V61";"V62";"V63";"V64";"V65";"V66";"V67";"V68";"V69";"V70";"V71";"V72";"V73";"V74";"V75";"V76";"V77";"V78";"V79";"V80";"V81";"V82";"V83";"V84";"V85";"V86";"V87";"V88";"V89"
1;70;30;19;28;55;40;75;22;52;88;69;5;85;77;80;32;17;24;2;34;31;89;7;86;67;25;71;82;51;39;54;41;79;23;37;10;12;8;62;14;45;33;53;76;11;27;21;56;68;83;3;78;81;60;65;63;66;4;46;38;36;44;84;6;13;42;48;50;59;72;16;47;18;87;58;43;64;35;49;61;74;9;29;15;26;57;20;73
2;7;19;63;20;81;64;26;79;21;10;75;4;53;30;38;1;17;18;3;57;8;71;74;51;86;42;48;28;27;85;29;83;68;44;45;24;5;60;47;58;61;87;62;55;78;43;46;82;15;65;12;16;23;72;6;69;33;37;9;31;14;49;50;77;66;52;40;80;39;56;89;11;25;67;41;73;22;70;34;35;76;13;84;88;54;36;59;32
3;37;16;23;69;33;79;44;9;27;54;85;22;15;78;82;17;19;48;52;2;58;72;18;42;86;67;12;87;8;57;62;4;30;13;5;29;74;28;71;49;63;60;68;83;34;39;20;36;73;1;6;24;35;61;59;89;32;50;14;53;88;84;41;80;31;40;7;56;81;21;10;51;70;43;46;77;47;26;66;55;38;45;75;76;25;11;65;64
4;78;22;86;33;7;47;45;71;88;9;12;11;56;42;38;2;21;14;66;84;60;10;17;69;50;89;58;81;24;30;48;3;46;5;29;35;75;28;34;49;6;67;8;68;83;43;51;20;76;73;52;1;15;87;25;82;65;13;23;53;44;57;36;37;26;40;80;59;31;54;19;85;79;77;18;64;72;62;74;41;32;27;55;16;63;39;70;61
5;28;72;18;50;74;1;35;9;55;86;19;29;38;56;60;69;7;24;17;42;13;6;36;44;46;4;66;89;25;63;65;26;85;16;43;78;3;2;83;75;22;21;27;11;76;53;33;45;14;62;8;77;12;32;10;37;23;79;41;54;39;51;82;67;31;80;34;47;64;71;87;15;49;70;88;40;59;73;57;52;81;48;61;30;58;84;20;68
6;23;80;57;85;43;72;12;71;69;60;38;48;35;84;58;70;30;19;5;46;29;9;13;88;56;49;39;28;87;16;41;79;64;82;59;4;67;45;44;40;81;18;3;89;68;83;66;10;20;7;73;1;2;42;34;21;63;54;76;37;8;26;50;78;47;15;53;62;52;27;32;36;22;75;33;61;25;24;86;65;51;11;17;14;77;74;55;31
7;43;64;2;21;75;33;8;4;18;52;47;14;25;65;66;81;56;53;11;32;73;86;49;9;5;67;28;24;45;10;31;38;1;36;88;69;34;15;51;41;22;19;57;82;39;16;79;58;68;83;70;12;23;55;60;74;59;6;71;48;63;29;89;77;84;44;87;17;3;50;42;54;80;40;62;76;46;26;37;27;72;30;13;20;85;35;78;61
8;74;9;77;32;17;27;7;33;53;24;21;75;55;22;85;25;62;52;72;43;76;11;70;47;15;71;65;2;23;16;3;89;26;63;67;10;36;1;73;42;50;20;37;83;68;61;4;28;59;66;29;5;81;82;49;30;14;19;31;86;39;80;48;64;58;69;38;13;78;6;57;54;12;79;84;18;44;41;60;40;35;46;88;87;51;56;45;34
9;75;47;26;8;43;33;38;32;17;53;4;73;31;63;18;54;3;36;5;77;49;67;28;37;52;7;24;21;62;48;78;22;71;84;60;65;6;58;51;42;79;29;74;64;44;19;68;83;86;20;25;70;80;87;14;12;45;56;23;88;11;55;2;16;34;72;39;69;57;66;13;76;41;10;85;40;15;82;89;35;59;81;27;1;30;46;50;61
10;50;11;36;51;56;89;82;2;41;69;66;76;81;12;19;7;4;74;70;27;61;49;24;1;73;8;20;38;43;46;86;83;68;62;88;57;26;63;28;65;42;22;29;5;6;67;18;85;59;30;75;44;55;21;17;54;13;3;25;53;71;15;58;87;64;23;78;40;77;33;45;60;14;52;39;9;16;34;31;84;47;80;35;48;79;37;32;72
11;75;36;53;10;21;70;76;14;86;49;78;52;4;66;33;41;8;55;81;18;7;60;27;45;57;26;62;84;12;34;46;37;17;39;32;51;1;74;73;20;68;83;48;28;43;54;15;29;5;16;30;50;80;38;59;19;82;9;79;23;25;24;56;47;61;72;22;87;35;63;31;77;2;67;71;65;42;44;69;3;88;40;58;85;89;6;64;13
12;21;15;6;4;79;36;78;81;71;49;77;66;32;10;85;42;75;63;38;3;1;11;73;25;20;34;68;83;82;16;76;33;64;26;28;7;39;17;89;43;29;5;41;30;9;2;70;56;61;74;27;87;52;18;40;31;65;59;19;8;57;48;62;69;67;13;37;24;22;51;35;86;55;88;47;23;14;60;84;44;53;58;80;72;46;50;45;54
13;40;19;62;35;61;57;56;72;33;81;41;37;69;30;50;5;29;6;18;38;87;28;3;80;60;47;45;24;58;51;39;67;32;21;68;83;42;59;77;66;20;82;14;73;4;1;86;49;55;10;36;78;89;25;43;27;9;8;88;71;44;12;22;34;64;48;26;23;52;16;54;79;65;46;74;7;84;31;2;53;85;15;76;70;63;75;17;11
14;50;45;74;21;11;63;33;24;7;75;70;59;17;4;27;36;52;19;62;46;44;60;39;31;47;32;58;43;1;73;64;55;20;42;83;68;57;18;86;28;82;84;29;5;66;25;85;30;81;89;49;8;9;15;26;13;3;67;53;35;54;2;88;61;51;38;78;41;87;40;65;69;22;48;10;79;76;12;23;34;72;37;71;56;80;77;6;16
15;25;20;18;71;30;80;43;12;76;17;66;3;47;27;64;73;8;79;52;23;19;75;61;62;26;16;65;7;22;57;89;63;53;83;68;36;24;77;11;29;35;70;44;78;86;31;32;39;50;4;14;2;60;49;82;67;74;37;55;45;41;10;42;28;5;81;84;59;87;51;33;21;6;54;69;88;9;58;56;48;72;13;40;85;46;34;1;38
16;26;3;79;70;61;87;23;50;63;76;71;52;60;89;35;39;34;88;18;15;8;62;69;40;45;81;41;43;77;46;22;5;29;17;12;6;57;7;54;11;68;83;65;20;73;59;56;31;67;84;85;42;44;2;53;33;58;66;37;19;72;9;51;1;38;21;78;74;82;64;27;48;49;30;25;10;13;28;75;55;4;32;36;24;86;80;47;14
17;24;75;8;32;52;33;27;43;71;55;76;50;85;62;9;53;74;54;37;15;28;65;47;64;22;25;86;14;3;1;35;2;4;31;66;63;5;39;40;18;11;41;79;69;16;78;73;83;68;87;21;30;77;12;44;48;51;70;72;67;26;23;10;81;36;7;89;29;20;46;49;57;59;45;58;82;88;60;84;42;34;19;56;38;61;80;6;13
18;56;5;24;57;47;15;64;85;7;38;65;26;9;80;29;81;78;11;50;75;53;2;32;34;66;25;3;31;52;89;63;36;16;42;74;21;83;68;71;17;33;43;13;72;76;14;69;6;84;20;60;10;46;19;45;87;86;39;70;22;49;12;37;35;58;79;4;40;27;8;1;51;54;55;30;61;82;62;88;23;59;44;41;77;67;73;48;28
19;1;13;2;70;88;50;82;61;55;45;5;77;71;3;28;14;10;15;39;21;49;62;79;6;35;42;60;57;80;7;22;51;24;34;40;53;56;54;32;41;25;9;75;72;68;83;23;20;58;76;64;73;87;8;30;63;89;18;29;86;11;47;16;46;59;38;37;36;81;67;84;27;43;4;12;44;48;66;69;26;33;78;85;65;17;52;74;31
20;30;73;29;70;85;15;2;77;84;49;44;81;86;34;67;71;82;51;39;54;41;79;23;37;10;12;8;62;14;45;33;53;76;11;64;27;21;68;83;3;78;16;9;61;65;63;25;66;4;46;19;38;18;36;50;6;87;13;42;32;74;69;60;88;58;48;80;17;56;22;43;57;47;72;7;24;31;59;35;40;52;89;55;26;1;75;5;28
21;27;7;55;58;8;14;11;53;12;64;22;78;74;86;2;47;4;62;32;45;9;19;70;63;77;67;18;56;31;79;38;66;87;44;1;73;82;20;80;83;68;75;28;17;29;5;30;33;23;13;36;34;49;89;37;54;84;65;35;10;85;6;57;24;3;50;41;39;26;69;81;60;16;71;15;51;76;42;88;43;25;72;46;52;48;40;61;59
22;27;4;47;1;89;8;87;21;58;80;55;76;24;31;3;85;17;23;42;32;78;28;25;56;63;72;73;75;9;41;53;15;40;38;7;68;83;74;16;19;77;50;5;67;61;35;43;71;26;10;70;33;48;44;65;69;66;79;81;46;57;18;54;11;60;39;51;20;13;30;14;64;12;88;52;34;29;37;6;2;86;62;59;49;45;36;84;82
23;70;6;71;66;86;3;36;16;31;62;85;46;80;22;26;38;15;8;75;1;73;35;20;55;33;41;65;68;83;39;27;51;57;25;72;89;43;50;87;28;21;58;7;56;19;40;29;5;88;67;60;81;30;32;61;2;9;34;17;4;59;77;44;47;11;79;24;10;53;63;76;42;13;74;64;49;12;14;54;82;18;45;84;37;69;48;52;78
24;17;53;43;75;47;18;8;25;37;14;74;52;22;39;64;70;1;77;33;50;9;7;35;67;5;66;71;4;31;10;65;49;89;63;56;32;19;62;69;2;28;15;13;68;83;45;30;26;29;40;3;78;55;46;44;41;36;60;59;21;27;11;51;82;42;23;58;76;72;88;12;84;54;80;38;73;81;79;34;61;16;87;20;6;85;48;57;86
25;53;76;15;32;44;79;24;62;8;56;67;31;33;7;45;17;84;22;18;70;63;1;64;74;60;35;54;30;12;36;65;77;41;5;82;28;42;23;58;19;46;47;43;68;83;40;20;9;48;14;73;66;51;4;39;88;57;72;29;27;50;37;55;59;49;89;71;13;80;86;10;11;78;52;75;38;16;81;2;21;69;3;6;85;87;34;61;26
26;73;9;16;28;75;2;31;18;34;64;74;40;39;33;72;23;11;46;78;15;70;63;43;8;5;82;56;62;67;10;88;71;42;41;77;38;12;68;83;22;61;47;60;24;59;57;69;30;14;35;36;81;17;51;49;65;79;66;27;4;48;32;54;21;87;6;52;80;3;86;84;44;37;13;7;19;29;45;85;53;89;55;58;50;76;1;20;25
27;21;22;74;55;8;53;17;31;52;69;32;3;86;15;79;11;14;67;62;48;82;71;10;47;78;57;59;2;77;61;85;23;1;73;20;41;68;83;35;28;29;5;30;58;46;70;44;51;88;87;72;38;25;49;12;54;26;24;42;13;50;80;45;19;40;43;84;60;76;18;63;16;56;37;34;6;4;39;33;64;89;7;75;66;81;9;65;36
28;73;55;5;52;26;1;69;75;44;80;47;17;30;43;9;31;19;22;7;81;40;2;42;13;6;84;36;38;46;4;70;66;25;63;65;85;24;78;3;21;27;11;76;53;33;45;14;62;8;77;12;10;37;23;79;41;54;39;51;82;71;67;34;59;86;61;89;58;87;74;60;15;49;48;32;16;72;56;88;57;35;50;64;18;29;20;68;83
29;20;61;56;40;60;48;80;64;18;38;5;42;13;74;6;36;57;88;46;4;66;63;65;35;85;9;16;2;43;78;3;68;21;27;15;11;76;53;33;45;14;62;8;12;24;10;37;23;79;41;54;39;51;69;82;71;67;19;25;34;7;89;77;17;84;87;55;31;75;81;72;52;70;50;44;22;86;26;59;47;32;1;73;30;49;28;58;83
30;20;1;72;69;40;73;49;15;52;50;86;44;87;28;57;2;59;42;13;6;58;36;46;64;4;70;66;25;63;65;84;85;78;3;88;35;83;77;47;48;21;17;27;11;76;53;33;24;45;14;62;8;26;12;19;10;37;23;79;61;89;41;54;39;51;82;31;71;67;80;34;81;38;22;56;16;18;32;43;55;75;7;60;5;9;74;29;68
31;74;27;58;76;43;73;26;23;9;25;22;47;79;28;33;39;52;72;63;1;62;18;7;17;64;14;24;32;36;66;50;21;55;37;87;77;81;83;68;67;59;15;78;16;70;53;71;40;60;8;5;42;49;30;3;89;41;51;2;56;57;35;4;38;80;12;82;84;29;44;11;75;45;85;54;61;10;48;46;65;88;86;13;69;20;34;6;19
32;55;53;54;8;17;75;76;25;9;47;89;27;62;71;73;43;1;7;22;12;18;21;74;14;36;31;34;33;44;24;41;86;68;83;11;39;19;58;50;79;82;13;77;46;40;15;5;70;3;52;23;49;61;20;59;66;81;67;69;26;65;48;85;88;78;28;6;4;30;87;56;80;63;42;84;72;45;51;64;16;10;57;37;35;29;38;60;2
33;47;7;4;9;17;8;53;76;64;14;77;3;78;11;35;25;49;42;13;26;48;85;31;24;80;74;52;38;57;70;66;89;32;61;81;18;37;23;84;67;1;73;20;83;68;88;63;12;28;21;29;5;30;56;75;51;22;87;16;79;62;2;43;50;55;86;45;59;72;58;54;15;10;44;65;46;60;27;6;71;19;82;40;36;41;39;69;34
34;60;52;38;26;54;36;48;65;69;39;84;16;18;1;73;46;20;59;40;7;64;32;72;11;83;68;75;82;88;57;12;19;89;4;86;81;58;43;56;71;66;42;3;70;28;21;61;41;74;29;85;5;23;87;6;9;30;47;78;13;77;50;67;76;22;27;79;10;49;2;51;24;14;80;17;45;37;63;35;31;25;55;62;44;33;15;53;8
35;68;57;78;84;13;56;48;33;36;5;72;66;16;17;6;46;24;74;50;25;61;23;19;4;40;83;29;39;69;30;88;27;85;81;15;22;70;63;60;38;49;58;3;47;26;76;51;21;87;42;77;82;79;14;54;44;31;65;71;59;18;62;41;11;89;52;53;12;80;55;37;43;75;64;1;8;10;9;86;2;32;34;28;20;67;7;45;73
36;54;85;11;10;23;75;84;74;55;12;35;64;9;34;59;57;14;50;44;7;32;18;60;30;49;76;40;31;39;5;25;29;8;47;41;79;28;65;72;52;82;71;15;69;70;3;78;48;68;83;86;58;21;46;43;20;62;38;73;51;1;24;87;45;26;66;17;4;13;19;67;81;88;80;61;89;56;63;77;6;53;16;33;42;37;22;27;2
37;53;3;58;24;75;65;17;48;59;89;13;9;61;49;43;46;67;80;1;55;73;76;20;33;11;38;47;68;83;31;8;45;28;60;66;42;70;29;5;72;69;71;21;30;74;16;25;81;2;62;86;15;4;79;19;82;85;51;18;40;6;78;12;64;88;77;27;26;63;57;35;52;22;7;54;56;50;10;32;34;39;14;23;84;36;41;44;87
38;85;9;39;40;18;34;72;71;65;4;29;82;50;2;5;6;23;69;51;7;62;12;56;33;61;45;22;13;10;77;37;46;59;21;28;41;80;43;49;55;64;60;26;67;68;83;42;79;52;74;20;36;35;73;1;63;27;11;88;87;54;19;48;86;31;8;66;14;53;16;47;30;84;25;3;44;24;81;76;78;58;70;57;75;17;32;89;15
39;38;66;82;79;62;74;24;26;81;34;16;31;63;61;52;14;19;17;44;1;73;64;20;36;78;60;49;68;83;75;85;6;65;43;35;76;23;11;32;7;87;86;3;13;12;28;53;15;29;5;25;8;30;46;58;18;71;77;56;9;88;21;48;59;22;69;2;41;70;57;10;80;27;55;72;47;54;40;50;67;42;84;51;37;4;33;45;89
40;73;13;29;30;1;38;26;70;87;56;41;55;89;64;80;28;50;17;34;16;36;83;22;84;35;88;19;69;6;43;74;25;32;23;86;78;24;76;85;31;72;57;46;42;62;79;47;65;63;75;77;61;3;51;4;58;71;12;37;82;53;27;49;66;60;2;14;10;18;59;44;7;54;81;5;9;8;39;33;11;52;20;21;45;68;15;67;48
41;70;50;81;56;82;11;10;61;13;40;76;63;22;1;73;60;7;16;20;25;23;36;83;68;32;17;38;77;19;6;27;52;26;28;89;65;69;12;29;5;55;34;79;24;84;54;30;3;44;31;46;87;78;15;62;21;47;49;35;14;9;43;72;53;85;66;86;80;39;51;74;64;8;4;2;45;48;71;42;18;59;57;33;75;67;58;37;88
42;52;56;44;4;84;51;59;47;33;63;54;22;80;72;87;12;53;30;3;57;76;5;29;18;69;64;62;19;2;9;8;28;67;14;89;60;71;25;26;82;58;34;46;10;38;37;13;68;83;20;88;16;40;73;1;31;35;48;50;85;6;78;27;7;15;45;24;65;79;70;77;23;21;49;75;55;32;66;11;81;17;39;41;43;36;86;61;74
43;75;7;24;9;17;63;31;6;15;47;65;8;32;50;28;66;37;71;78;56;77;89;49;53;26;14;16;18;55;10;60;5;29;39;46;38;72;34;54;11;76;23;68;83;87;88;25;84;40;22;4;12;2;36;69;48;33;85;59;51;79;13;80;44;3;19;27;73;41;86;70;45;81;52;35;67;21;1;74;30;62;20;61;64;57;42;58;82
44;25;57;28;42;69;55;3;30;73;63;58;74;20;85;86;51;14;47;36;39;32;84;5;64;60;53;83;77;2;21;82;46;67;9;6;62;66;15;65;17;27;61;56;24;54;16;1;78;22;10;41;76;7;4;79;23;71;35;43;50;49;13;19;31;40;33;70;29;26;8;88;38;75;89;72;12;81;11;59;68;87;18;52;34;80;48;45;37
45;67;46;14;4;63;25;61;72;19;21;11;7;64;86;66;81;82;16;38;70;58;1;73;47;20;2;68;83;13;37;6;28;49;74;24;29;5;79;30;80;60;9;65;52;18;36;53;78;55;48;33;15;27;76;42;88;89;85;69;10;43;17;50;31;51;56;3;57;75;41;26;87;32;34;23;62;71;22;59;40;84;12;35;39;44;8;54;77
46;45;69;82;61;76;50;56;23;59;51;89;49;81;86;37;57;14;26;35;87;34;30;6;5;29;11;4;16;10;38;28;43;44;80;25;27;65;42;68;83;67;32;20;36;47;2;52;73;24;1;18;63;40;72;84;75;39;88;19;53;54;41;22;48;66;3;78;17;55;62;71;33;70;7;64;85;79;31;13;58;21;8;60;12;74;15;9;77
47;75;9;55;33;52;78;24;53;18;4;74;22;63;32;58;7;73;43;28;17;42;21;15;31;8;44;70;14;49;27;88;77;79;36;81;76;37;45;54;2;30;68;83;86;25;13;82;26;67;84;46;35;69;40;64;19;80;51;48;5;23;71;34;66;11;41;1;50;3;59;38;6;56;62;85;72;10;87;12;39;89;20;65;16;29;57;61;60
48;80;59;29;63;82;74;35;81;89;71;37;78;72;34;87;33;3;66;70;6;54;27;9;88;51;75;4;65;58;69;2;68;60;76;53;11;30;86;36;17;25;57;22;55;7;43;52;1;8;42;61;45;47;38;46;26;49;20;79;32;67;39;12;28;14;64;16;19;13;73;31;85;10;77;41;21;84;5;83;15;24;23;62;56;44;50;18;40
49;83;73;58;30;11;69;65;77;33;9;12;46;50;20;37;62;88;7;53;67;56;87;82;43;47;19;80;36;10;24;76;6;39;86;71;4;3;38;78;57;45;51;68;89;63;8;66;21;14;59;35;15;32;60;27;31;26;72;13;25;70;2;48;52;18;84;54;41;40;5;61;44;28;17;16;81;55;75;42;34;79;23;1;85;64;22;74;29
50;83;14;10;61;17;87;41;5;30;19;46;16;54;43;38;18;72;49;69;78;36;24;65;58;4;40;13;35;81;71;31;89;68;8;66;82;22;32;70;63;23;53;11;80;20;51;15;3;60;25;42;1;33;75;76;21;2;27;7;85;44;6;47;34;45;64;29;84;86;88;79;62;77;57;74;73;39;37;52;55;28;26;12;59;9;56;67;48
51;63;10;77;82;42;61;46;58;57;44;38;86;55;1;65;48;73;7;20;2;9;83;68;19;11;23;56;69;89;13;49;28;4;17;33;27;50;29;5;25;36;70;85;71;76;35;30;60;74;26;31;87;47;43;66;16;40;24;3;67;37;14;59;22;15;80;53;12;41;21;45;18;84;52;34;32;75;78;64;39;79;8;54;62;88;6;81;72
52;78;28;47;83;17;42;75;85;34;7;30;27;88;1;11;63;8;24;16;67;54;82;9;3;81;15;31;14;53;39;18;33;76;64;84;57;68;69;36;79;58;41;74;65;60;38;46;4;32;72;45;59;48;87;77;70;12;49;66;25;62;86;2;26;35;29;56;71;43;22;10;55;6;61;89;37;51;13;5;73;21;50;40;44;20;19;23;80
53;55;25;24;32;86;37;47;27;76;8;11;62;21;33;89;65;9;74;17;78;58;63;2;81;7;75;80;54;18;66;79;49;52;72;42;64;43;22;69;44;1;73;15;48;20;19;83;68;28;71;29;5;50;30;39;31;84;16;3;45;14;46;4;70;10;40;85;38;77;57;23;41;35;51;6;87;88;61;67;36;60;12;26;82;13;56;59;34
54;32;59;36;69;71;81;50;34;17;9;3;76;75;42;55;53;52;79;88;48;86;72;1;58;85;73;25;20;89;68;83;56;19;16;47;43;11;65;28;84;57;29;5;44;21;41;64;78;30;87;38;10;46;27;14;61;77;35;6;66;22;63;26;70;4;49;33;8;7;74;15;31;60;40;18;24;67;13;39;23;37;82;51;62;12;80;2;45
55;32;28;53;75;47;58;27;76;86;21;1;17;74;65;8;36;44;22;19;11;5;63;62;54;40;51;59;37;72;71;43;23;14;73;31;68;60;38;79;2;89;7;57;78;24;85;41;48;56;80;10;84;9;25;64;45;13;33;15;82;88;29;46;66;69;3;35;18;52;49;67;70;39;4;30;12;42;16;77;87;81;26;50;83;34;61;20;6
56;18;29;89;78;35;42;25;10;41;46;13;4;61;69;40;7;5;62;63;43;57;49;22;65;86;38;21;83;6;60;24;54;26;76;19;51;85;1;34;66;33;23;84;58;73;16;44;55;9;12;79;75;87;3;39;31;11;88;64;20;81;70;47;30;2;36;52;27;71;72;45;32;77;15;59;37;28;74;17;14;8;53;82;68;67;48;50;80
57;72;35;60;18;81;6;58;66;44;13;30;36;63;76;84;46;74;11;51;56;65;2;42;87;33;27;61;3;52;85;29;83;68;19;15;34;80;7;10;14;16;23;78;49;88;55;26;48;54;67;40;25;69;21;4;59;64;86;22;31;9;70;71;8;12;53;79;75;77;17;39;37;89;45;62;50;5;20;82;43;38;32;28;47;41;24;1;73
58;86;55;78;85;49;21;75;31;37;57;88;47;74;22;53;72;59;44;51;6;3;50;30;4;71;54;63;14;9;48;45;67;83;68;32;66;25;89;34;2;52;42;84;7;13;27;64;23;36;87;56;19;80;69;35;16;28;77;8;39;20;40;73;33;24;10;18;81;82;62;17;1;65;15;79;60;46;38;12;11;43;76;26;5;70;41;61;29
59;48;54;70;73;42;14;37;46;36;58;30;82;81;55;34;80;27;68;83;63;89;38;69;74;88;86;6;31;8;75;65;16;28;26;72;64;49;13;66;7;3;10;85;52;11;32;19;25;1;24;23;43;57;61;33;4;35;51;87;15;76;12;77;39;47;40;78;17;79;5;71;84;56;44;22;18;29;45;20;9;41;60;62;21;50;67;2;53
60;57;34;29;61;64;16;11;6;5;85;4;69;14;66;36;25;41;9;79;19;86;83;68;39;56;44;43;48;67;42;2;55;13;81;38;3;37;62;52;26;1;7;18;35;45;23;31;15;63;50;49;51;72;71;20;24;74;88;28;89;40;27;21;22;80;10;54;70;33;82;8;87;76;17;58;84;78;12;53;73;75;30;46;59;65;47;32;77
61;29;50;46;16;13;19;64;56;60;71;69;45;51;41;37;62;39;76;82;15;38;72;10;65;57;35;33;89;27;66;8;77;2;87;22;68;83;20;44;26;34;3;23;30;32;12;28;85;88;67;48;40;70;54;59;11;14;36;84;49;63;75;79;52;53;31;18;81;43;24;6;1;74;80;5;21;17;4;47;86;55;42;25;7;78;9;58;73
62;53;13;64;17;25;8;39;32;23;82;76;55;63;56;61;49;21;14;11;9;31;27;38;19;15;16;66;3;42;1;73;20;26;24;10;79;83;68;69;78;70;44;28;2;29;5;60;30;85;36;89;75;40;72;33;37;74;81;41;86;84;35;52;12;67;46;47;77;58;7;4;6;65;88;50;57;43;18;22;87;45;80;51;59;34;54;48;71
63;2;51;43;47;48;14;52;45;81;9;16;75;53;64;42;79;55;57;44;62;78;56;39;31;41;22;18;17;25;12;21;86;74;26;58;8;30;24;5;29;59;15;82;66;28;10;50;3;33;65;68;83;49;20;89;73;35;1;60;46;19;69;38;7;40;6;76;70;71;84;77;88;54;85;61;80;11;23;27;67;72;36;37;87;32;4;34;13
64;7;75;62;18;2;33;21;81;26;29;61;36;17;63;60;15;24;89;66;40;45;53;31;25;52;39;34;30;42;44;14;88;67;20;6;83;68;38;9;12;69;58;87;65;72;76;19;59;80;54;47;8;71;86;55;77;73;57;5;84;79;56;85;10;4;37;78;22;48;16;41;50;13;46;35;1;23;27;82;43;32;49;51;70;3;28;74;11
65;66;72;55;74;78;53;18;37;49;38;17;7;43;34;85;89;50;70;57;8;56;51;15;9;61;77;48;24;30;25;87;80;5;29;23;39;28;36;84;63;54;44;75;10;68;83;16;46;41;20;76;64;52;59;82;73;1;45;2;88;4;21;40;22;26;35;71;32;86;12;69;42;81;14;79;33;58;62;11;67;13;31;19;3;47;6;60;27
66;65;39;23;57;70;11;15;7;72;74;79;10;81;75;35;69;12;4;43;64;48;53;18;67;17;60;45;24;86;62;33;30;31;76;5;29;61;21;28;63;50;58;34;56;44;68;83;8;84;37;85;14;20;49;73;89;6;1;25;59;88;13;78;16;36;22;32;26;51;54;47;87;9;2;46;38;52;40;55;41;3;19;71;42;80;27;77;82
67;45;78;25;52;9;27;49;7;24;37;66;85;1;73;21;3;20;8;70;68;83;89;88;33;60;42;58;64;26;22;44;6;4;31;38;13;28;46;72;47;10;57;16;23;29;5;69;86;17;14;15;61;30;75;76;81;32;19;36;51;48;62;12;63;79;11;34;2;43;74;53;55;54;80;65;77;39;84;35;87;56;18;41;82;59;50;40;71
68;70;35;74;72;59;18;34;57;80;87;60;88;22;67;71;50;82;69;51;39;54;41;79;48;23;37;10;52;32;12;2;77;8;62;14;45;58;55;33;53;76;29;11;15;64;27;17;21;31;47;75;83;86;20;1;3;78;43;16;7;24;9;85;81;49;61;26;65;63;25;89;66;4;46;19;38;36;6;13;42;44;84;40;56;5;28;30;73
69;30;46;28;54;49;3;27;44;1;56;89;61;6;10;74;34;66;50;5;13;88;38;60;85;4;82;7;16;53;42;48;68;83;87;17;59;24;35;52;62;40;36;86;51;64;81;18;41;26;58;37;77;29;84;78;63;70;67;43;47;2;22;57;73;20;9;76;32;8;79;21;65;72;12;45;39;55;14;15;75;19;25;11;31;23;33;80;71
70;68;1;20;41;19;23;59;11;82;16;66;14;89;40;8;73;24;48;65;76;6;25;47;21;10;26;33;30;80;67;79;45;28;87;50;62;15;7;36;34;83;27;9;37;31;17;35;22;32;51;12;69;78;72;84;77;74;49;61;53;18;63;52;3;54;57;5;56;43;39;29;44;42;60;88;46;71;55;2;85;81;86;38;64;4;75;13;58
71;17;23;81;15;4;54;6;38;32;48;16;61;12;79;19;43;8;2;1;27;73;24;58;9;78;50;85;20;18;55;83;68;75;76;89;49;42;3;26;36;34;53;22;28;77;31;7;37;29;51;86;87;64;30;60;72;39;44;25;63;74;47;10;40;35;5;65;57;13;80;21;46;88;52;56;70;59;11;66;33;82;41;45;14;84;69;62;67
72;57;80;30;5;65;6;87;38;13;8;66;48;45;58;26;35;50;42;31;53;3;22;89;54;61;84;85;55;83;68;34;78;18;36;23;43;88;19;67;64;59;40;17;37;27;52;25;62;70;46;2;60;49;16;71;1;9;33;76;11;24;69;41;29;63;4;79;56;74;86;47;44;39;75;21;32;28;7;14;20;82;81;73;12;15;10;77;51
73;28;20;26;49;40;30;89;31;47;9;59;32;44;15;70;7;34;88;22;67;71;82;51;39;54;41;79;23;37;10;12;77;8;62;14;45;55;33;53;76;11;27;17;21;83;80;3;78;16;81;56;65;63;25;66;4;46;19;38;36;6;13;42;69;64;58;86;75;43;87;74;5;84;48;2;24;60;52;50;72;85;18;29;61;1;35;57;68
74;31;8;27;68;14;55;47;65;53;5;48;58;26;36;24;17;86;21;76;39;75;66;69;44;57;85;77;33;35;10;32;25;63;2;29;18;22;81;9;3;59;11;83;52;45;40;82;79;38;7;78;80;37;34;12;51;20;62;70;15;60;71;28;54;16;41;73;4;72;67;88;43;23;89;87;50;84;13;56;61;1;46;19;64;30;42;6;49
75;43;47;9;55;24;17;11;7;32;26;64;52;58;1;8;76;37;36;28;14;63;74;2;79;87;54;53;84;66;18;12;15;22;23;86;48;34;71;39;4;5;21;68;83;88;65;89;19;77;59;33;62;78;81;10;46;40;82;50;56;67;73;29;25;61;57;31;69;3;35;49;44;85;6;42;72;80;45;60;30;16;51;27;38;70;41;13;20
76;55;25;32;53;17;89;11;75;31;33;46;15;22;16;74;54;8;62;10;57;78;41;70;61;85;42;52;36;66;37;49;71;47;48;56;1;73;39;20;18;83;68;84;12;28;81;43;29;5;30;65;64;4;19;40;80;79;86;51;77;35;88;44;87;63;67;50;69;6;45;9;72;24;59;27;21;7;23;34;3;82;14;60;38;2;58;13;26
77;8;51;88;33;82;20;1;49;9;12;19;24;43;74;21;65;86;47;73;25;16;89;38;81;22;27;44;83;68;41;31;30;61;15;26;28;17;75;32;71;5;13;69;76;7;29;52;70;35;64;58;40;23;39;85;54;79;63;78;2;59;3;53;10;4;11;57;87;34;62;37;42;36;50;56;67;80;55;48;84;18;14;66;60;6;72;46;45
78;52;4;47;58;35;65;67;11;56;33;53;21;12;48;18;3;76;63;84;22;50;26;43;9;27;71;72;39;30;5;29;17;28;80;49;85;89;57;62;68;83;79;20;15;36;73;1;2;55;31;40;24;81;74;75;69;88;66;70;44;82;54;45;13;42;77;41;25;46;8;14;34;10;6;37;16;59;64;32;87;60;38;19;51;86;7;23;61
79;88;16;25;2;39;12;3;75;66;31;63;27;71;54;85;15;53;81;19;1;73;60;20;70;47;9;36;86;68;83;21;17;62;6;7;52;32;78;55;28;89;45;38;74;29;5;76;41;30;40;33;56;22;35;26;44;37;43;11;77;23;48;69;64;4;18;8;57;42;67;61;65;72;59;14;34;58;49;50;80;13;46;24;10;84;51;82;87
80;48;72;81;87;6;15;29;28;22;18;1;23;53;84;42;33;40;37;49;59;70;68;19;65;89;57;86;38;78;13;21;46;73;45;9;50;88;58;76;74;64;11;55;5;8;3;85;30;47;43;25;27;4;31;20;36;26;7;71;63;2;51;60;41;35;24;39;32;79;67;75;10;77;34;82;61;16;66;12;14;83;62;17;44;54;69;52;56
81;80;57;2;71;41;64;54;63;48;12;7;18;13;53;39;66;11;46;20;10;52;28;59;50;79;4;45;16;33;88;47;77;74;34;31;35;76;87;60;84;69;68;83;6;8;73;1;14;78;23;82;75;26;37;17;22;32;3;62;67;19;36;85;15;21;58;56;29;30;65;43;49;25;40;38;24;61;44;42;70;5;55;72;89;9;27;51;86
82;46;70;48;39;19;77;51;10;41;62;38;3;52;59;61;49;27;1;73;69;20;45;34;83;68;26;25;63;12;7;50;6;21;36;44;42;32;14;47;28;74;8;65;2;29;13;5;81;4;78;15;11;75;30;35;89;37;55;24;40;31;86;58;16;60;76;17;87;18;64;9;57;71;88;33;85;23;80;54;53;72;84;43;56;66;67;79;22
83;49;50;52;40;72;59;18;34;57;56;60;88;22;67;71;82;69;35;51;39;54;41;79;44;23;37;10;32;12;2;77;8;62;14;45;58;33;53;30;76;5;11;15;64;74;27;17;21;31;47;75;68;86;20;73;1;3;78;43;16;7;24;9;85;81;61;26;65;63;25;89;66;70;4;46;19;38;36;6;13;42;48;84;80;55;87;28;29
84;35;85;36;42;20;75;34;57;80;78;25;4;6;11;72;9;52;30;44;40;33;28;87;86;76;65;58;81;43;14;66;54;56;18;47;16;69;53;41;1;21;88;46;3;70;7;55;63;19;29;49;64;61;15;27;62;31;89;8;38;26;24;51;50;59;73;10;60;32;12;17;74;79;67;39;48;13;23;82;2;68;83;77;45;37;71;5;22
85;38;20;58;36;17;52;18;6;84;8;1;3;23;22;86;33;65;79;44;60;12;74;69;67;76;54;72;71;57;88;30;39;89;5;29;2;27;28;56;78;35;68;83;66;14;62;40;55;10;16;51;59;34;61;80;42;21;87;43;77;37;50;81;63;53;4;64;45;41;32;31;46;47;9;75;48;70;26;19;82;49;25;11;7;73;24;13;15
86;58;53;4;55;11;23;74;21;30;27;85;17;5;7;46;20;44;54;1;3;45;51;56;63;66;75;2;77;60;79;10;49;32;80;84;34;87;59;47;68;83;69;39;14;9;48;15;36;40;76;28;67;71;8;19;13;64;18;37;57;33;25;89;38;65;62;73;52;43;82;41;26;12;50;72;29;22;70;35;88;16;31;6;78;42;24;61;81
87;88;80;50;16;22;72;30;75;40;48;42;46;49;57;3;68;65;13;69;31;6;84;21;70;86;17;39;81;61;23;2;43;64;58;9;27;20;19;4;33;36;18;71;35;76;54;7;34;38;52;85;51;28;56;41;12;66;5;59;29;26;10;89;11;14;15;73;77;53;1;60;32;63;47;82;78;74;45;62;44;55;24;8;25;67;83;79;37
88;87;79;19;58;77;4;52;1;49;54;69;73;7;48;16;47;81;29;6;85;83;68;34;40;67;64;30;10;26;35;59;33;75;72;43;57;80;27;23;66;42;25;65;78;9;84;3;61;76;38;46;20;60;14;39;36;63;56;45;13;89;55;5;24;71;32;37;22;15;70;53;44;21;74;17;62;50;12;82;18;31;86;28;8;11;2;51;41
89;73;76;53;56;22;32;10;48;69;70;46;37;16;64;65;40;18;1;72;43;4;33;8;54;24;50;77;80;5;67;61;15;85;71;59;34;42;58;23;78;51;55;75;68;83;79;41;12;49;6;63;14;21;66;62;3;19;30;7;29;28;31;82;25;17;13;86;60;88;36;45;87;35;84;2;52;57;44;27;47;74;9;26;81;11;20;38;39
